City,NFL Team(s),Region,Approx. Annual Average Temp (°F)
"Minneapolis-St. Paul, MN",Minnesota Vikings,The Coldest Outposts,46
"Green Bay, WI",Green Bay Packers,The Coldest Outposts,46
"Buffalo, NY",Buffalo Bills,The Coldest Outposts,48
"Foxborough/Boston, MA",New England Patriots,The Coldest Outposts,50
"Chicago, IL",Chicago Bears,The Coldest Outposts,50
"Detroit, MI",Detroit Lions,The Coldest Outposts,50
"Denver, CO",Denver Broncos,The Moderate / Four-Season Markets,51
"Cleveland, OH",Cleveland Browns,The Moderate / Four-Season Markets,51
"Pittsburgh, PA",Pittsburgh Steelers,The Moderate / Four-Season Markets,52
"Seattle, WA",Seattle Seahawks,The Moderate / Four-Season Markets,53
"Indianapolis, IN",Indianapolis Colts,The Moderate / Four-Season Markets,53
"Kansas City, MO",Kansas City Chiefs,The Moderate / Four-Season Markets,54
"Philadelphia, PA",Philadelphia Eagles,The Moderate / Four-Season Markets,55
"New York, NY / East Rutherford, NJ","NY Giants, NY Jets",The Moderate / Four-Season Markets,55
"Cincinnati, OH",Cincinnati Bengals,The Moderate / Four-Season Markets,55
"Baltimore, MD",Baltimore Ravens,The Moderate / Four-Season Markets,56
"Washington, D.C. / Landover, MD",Washington Commanders,The Mild & Transition Zones,58
"San Francisco / Santa Clara, CA",San Francisco 49ers,The Mild & Transition Zones,59
"Nashville, TN",Tennessee Titans,The Mild & Transition Zones,60
"Charlotte, NC",Carolina Panthers,The Mild & Transition Zones,62
"Atlanta, GA",Atlanta Falcons,The Mild & Transition Zones,63
"Los Angeles, CA","LA Rams, LA Chargers",The Sun Belt & Desert Markets,67
"Dallas / Arlington, TX",Dallas Cowboys,The Sun Belt & Desert Markets,67
"Las Vegas / Paradise, NV",Las Vegas Raiders,The Sun Belt & Desert Markets,70
"Houston, TX",Houston Texans,The Sun Belt & Desert Markets,70
"New Orleans, LA",New Orleans Saints,The Sun Belt & Desert Markets,70
"Jacksonville, FL",Jacksonville Jaguars,The Sun Belt & Desert Markets,70
"Tampa, FL",Tampa Bay Buccaneers,The Sun Belt & Desert Markets,74
"Phoenix / Glendale, AZ",Arizona Cardinals,The Sun Belt & Desert Markets,75
"Miami / Miami Gardens, FL",Miami Dolphins,The Sun Belt & Desert Markets,77
